<ImportExportXml xmlns:xsi="http://www.w3.org/2001/XMLSchema-instance">
  <Entities></Entities>
  <Roles></Roles>
  <Workflows></Workflows>
  <FieldSecurityProfiles></FieldSecurityProfiles>
  <Templates />
  <EntityMaps />
  <EntityRelationships />
  <OrganizationSettings />
  <optionsets />
  <CustomControls />
  <AppModules>
    <AppModule>
      <UniqueName>CRMHub</UniqueName>
      <IntroducedVersion>9.0.0.0</IntroducedVersion>
      <WebResourceId>953b9fac-1e5e-e611-80d6-00155ded156f</WebResourceId>
      <FormFactor>1</FormFactor>
      <ClientType>4</ClientType>
      <AppModuleComponents>
        <AppModuleComponent type="1" schemaName="adx_ad" solutionaction="Added" />
        <AppModuleComponent type="1" schemaName="adx_adplacement" solutionaction="Added" />
        <AppModuleComponent type="1" schemaName="adx_alertsubscription" solutionaction="Added" />
        <AppModuleComponent type="1" schemaName="mims_bulkrequestcontact" solutionaction="Added" />
        <AppModuleComponent type="1" schemaName="incident" solutionaction="Added" />
        <AppModuleComponent type="1" schemaName="mims_casebinderconfig" solutionaction="Added" />
        <AppModuleComponent type="1" schemaName="mims_casetype" solutionaction="Added" />
        <AppModuleComponent type="1" schemaName="mims_category" solutionaction="Added" />
        <AppModuleComponent type="1" schemaName="mims_configuration" solutionaction="Added" />
        <AppModuleComponent type="1" schemaName="adx_contentsnippet" solutionaction="Added" />
        <AppModuleComponent type="1" schemaName="mims_country" solutionaction="Added" />
        <AppModuleComponent type="1" schemaName="email" solutionaction="Added" />
        <AppModuleComponent type="1" schemaName="adx_entityform" solutionaction="Added" />
        <AppModuleComponent type="1" schemaName="adx_entitylist" solutionaction="Added" />
        <AppModuleComponent type="1" schemaName="adx_entitypermission" solutionaction="Added" />
        <AppModuleComponent type="1" schemaName="mims_exportcontrolcountrylist" solutionaction="Added" />
        <AppModuleComponent type="1" schemaName="mims_holidaycalendar" solutionaction="Added" />
        <AppModuleComponent type="1" schemaName="mims_address" solutionaction="Added" />
        <AppModuleComponent type="1" schemaName="mims_integrationsconfig" solutionaction="Added" />
        <AppModuleComponent type="1" schemaName="adx_invitation" solutionaction="Added" />
        <AppModuleComponent type="1" schemaName="mims_masterattorneyconfiguration" solutionaction="Added" />
        <AppModuleComponent type="1" schemaName="mims_mastercaseconfiguration" solutionaction="Added" />
        <AppModuleComponent type="1" schemaName="mims_masterdocuments" solutionaction="Added" />
        <AppModuleComponent type="1" schemaName="mims_masterforms" solutionaction="Added" />
        <AppModuleComponent type="1" schemaName="mims_masterletters" solutionaction="Added" />
        <AppModuleComponent type="1" schemaName="mims_mastersteps" solutionaction="Added" />
        <AppModuleComponent type="1" schemaName="adx_pagetemplate" solutionaction="Added" />
        <AppModuleComponent type="1" schemaName="adx_poll" solutionaction="Added" />
        <AppModuleComponent type="1" schemaName="adx_pollplacement" solutionaction="Added" />
        <AppModuleComponent type="1" schemaName="adx_portallanguage" solutionaction="Added" />
        <AppModuleComponent type="1" schemaName="workflow" solutionaction="Added" />
        <AppModuleComponent type="1" schemaName="adx_publishingstatetransitionrule" solutionaction="Added" />
        <AppModuleComponent type="1" schemaName="mims_questionnaire" solutionaction="Added" />
        <AppModuleComponent type="1" schemaName="mims_questionnaireconfiguration" solutionaction="Added" />
        <AppModuleComponent type="1" schemaName="queue" solutionaction="Added" />
        <AppModuleComponent type="1" schemaName="adx_redirect" solutionaction="Added" />
        <AppModuleComponent type="1" schemaName="report" solutionaction="Added" />
        <AppModuleComponent type="1" schemaName="mims_request" solutionaction="Added" />
        <AppModuleComponent type="1" schemaName="adx_setting" solutionaction="Added" />
        <AppModuleComponent type="1" schemaName="adx_shortcut" solutionaction="Added" />
        <AppModuleComponent type="1" schemaName="adx_sitemarker" solutionaction="Added" />
        <AppModuleComponent type="1" schemaName="adx_sitesetting" solutionaction="Added" />
        <AppModuleComponent type="1" schemaName="solution" solutionaction="Added" />
        <AppModuleComponent type="1" schemaName="syncerror" solutionaction="Added" />
        <AppModuleComponent type="1" schemaName="mims_tags" solutionaction="Added" />
        <AppModuleComponent type="1" schemaName="mims_taskcategories" solutionaction="Added" />
        <AppModuleComponent type="1" schemaName="mims_usembassy" solutionaction="Added" />
        <AppModuleComponent type="1" schemaName="systemuser" solutionaction="Added" />
        <AppModuleComponent type="1" schemaName="adx_webfile" solutionaction="Added" />
        <AppModuleComponent type="1" schemaName="adx_webform" solutionaction="Added" />
        <AppModuleComponent type="1" schemaName="adx_webformstep" solutionaction="Added" />
        <AppModuleComponent type="1" schemaName="adx_weblinkset" solutionaction="Added" />
        <AppModuleComponent type="1" schemaName="adx_webnotificationurl" solutionaction="Added" />
        <AppModuleComponent type="1" schemaName="adx_webpage" solutionaction="Added" />
        <AppModuleComponent type="1" schemaName="adx_webpageaccesscontrolrule" solutionaction="Added" />
        <AppModuleComponent type="1" schemaName="adx_webrole" solutionaction="Added" />
        <AppModuleComponent type="1" schemaName="adx_webtemplate" solutionaction="Added" />
        <AppModuleComponent type="1" schemaName="adx_website" solutionaction="Added" />
        <AppModuleComponent type="1" schemaName="adx_websiteaccess" solutionaction="Added" />
        <AppModuleComponent type="1" schemaName="adx_websitebinding" solutionaction="Added" />
      </AppModuleComponents>
      <AppModuleRoleMaps>
        <Role id="{627090ff-40a3-4053-8790-584edc5be201}" />
        <Role id="{3be8d43a-734b-e711-80e9-3863bb35ed38}" />
        <Role id="{119f245c-3cc8-4b62-b31c-d1a046ced15d}" />
        <Role id="{7def3584-bf0a-e711-80dd-3863bb353d80}" />
        <Role id="{7328c430-224c-e711-80e4-3863bb2e0320}" />
        <Role id="{db5d6633-ecd3-e611-80ee-c4346bacf588}" />
        <Role id="{461844ac-eed3-e611-80ee-c4346bacf588}" />
      </AppModuleRoleMaps>
      <LocalizedNames>
        <LocalizedName description="CRM Hub" languagecode="1033" />
      </LocalizedNames>
      <Descriptions>
        <Description description="Mobile app that provides core CRM functionality including accounts, contacts, and activities." languagecode="1033" />
      </Descriptions>
    </AppModule>
  </AppModules>
  <EntityDataProviders />
  <Languages>
    <Language>1033</Language>
  </Languages>
</ImportExportXml>